{
  "resourceType" : "Basic",
  "id" : "InteroperabilityLayer",
  "text" : {
    "status" : "generated",
    "div" : "<div xmlns=\"http://www.w3.org/1999/xhtml\"><p class=\"res-header-id\"><b>Generated Narrative: ActorDefinition InteroperabilityLayer</b></p><a name=\"InteroperabilityLayer\"> </a><a name=\"hcInteroperabilityLayer\"> </a><table class=\"grid\"><tr><td><b>Actor: Interoperability Layer </b></td><td>Interoperability Layer</td><td>Type: system </td></tr><tr><td colspan=\"3\"/></tr></table></div>"
  },
  "extension" : [{
    "url" : "http://hl7.org/fhir/5.0/StructureDefinition/extension-ActorDefinition.url",
    "valueUri" : "http://smart.who.int/ra/ActorDefinition/InteroperabilityLayer"
  },
  {
    "url" : "http://hl7.org/fhir/5.0/StructureDefinition/extension-ActorDefinition.version",
    "valueString" : "0.1.0"
  },
  {
    "url" : "http://hl7.org/fhir/5.0/StructureDefinition/extension-ActorDefinition.name",
    "valueString" : "Interoperability Layer"
  },
  {
    "url" : "http://hl7.org/fhir/5.0/StructureDefinition/extension-ActorDefinition.title",
    "valueString" : "Interoperability Layer"
  },
  {
    "url" : "http://hl7.org/fhir/5.0/StructureDefinition/extension-ActorDefinition.status",
    "valueCode" : "active"
  },
  {
    "url" : "http://hl7.org/fhir/5.0/StructureDefinition/extension-ActorDefinition.experimental",
    "valueBoolean" : false
  },
  {
    "url" : "http://hl7.org/fhir/5.0/StructureDefinition/extension-ActorDefinition.date",
    "valueDateTime" : "2025-06-25T12:06:38+00:00"
  },
  {
    "url" : "http://hl7.org/fhir/5.0/StructureDefinition/extension-ActorDefinition.publisher",
    "valueString" : "WHO"
  },
  {
    "url" : "http://hl7.org/fhir/5.0/StructureDefinition/extension-ActorDefinition.contact",
    "valueContactDetail" : {
      "name" : "WHO",
      "telecom" : [{
        "system" : "url",
        "value" : "http://who.int"
      }]
    }
  },
  {
    "url" : "http://hl7.org/fhir/5.0/StructureDefinition/extension-ActorDefinition.description",
    "valueMarkdown" : "A component that facilitates the exchange of health information between systems by routing, translating, and orchestrating messages."
  },
  {
    "url" : "http://hl7.org/fhir/5.0/StructureDefinition/extension-ActorDefinition.jurisdiction",
    "valueCodeableConcept" : {
      "coding" : [{
        "system" : "http://unstats.un.org/unsd/methods/m49/m49.htm",
        "code" : "001",
        "display" : "World"
      }]
    }
  },
  {
    "url" : "http://hl7.org/fhir/5.0/StructureDefinition/extension-ActorDefinition.type",
    "valueCode" : "system"
  }],
  "code" : {
    "coding" : [{
      "system" : "http://hl7.org/fhir/fhir-types",
      "code" : "ActorDefinition"
    }]
  }
}